Status,StandarizedKey,TinsaKey,Type,Original,Summary,Details,Benefits,Actions
"Version 1",SK1,201,1,"Que la propiedad esté registrada en el ayuntamiento.","<p>El inmueble debe estar registrado oficialmente.</p>","<p>Es esencial que la propiedad esté registrada para garantizar su legalidad y autenticidad. El registro da una seguridad jurídica sobre la propiedad.</p>","<p>Evita disputas legales y da certeza sobre la titularidad.</p>","Revisar en el ayuntamiento."
"Version 1",SK2,202,2,"Que el inmueble esté al día en pagos de servicios.","<p>No debe haber deudas en servicios básicos.</p>","<p>Es importante que todos los servicios estén al día para evitar complicaciones o embargos.</p>","<p>Facilita el proceso de venta y evita gastos inesperados.</p>","Revisar facturas y comprobantes."
"Version 1",SK3,203,3,"Que la infraestructura sea moderna.","<p>Se espera una infraestructura actualizada.</p>","<p>Las infraestructuras modernas suelen ser más seguras y eficientes, lo que puede incrementar el valor del inmueble.</p>","<p>Mayor atractivo para compradores y mejor rendimiento en servicios.</p>","Hacer una inspección técnica."
"Version 1",SK4,204,1,"No debe haber problemas de plagas.","<p>El inmueble debe estar libre de plagas.</p>","<p>Problemas con plagas pueden dañar la estructura y disminuir el valor del inmueble.</p>","<p>Garantiza un espacio seguro y saludable.</p>","Contratar un servicio de fumigación."
"Version 1",SK5,205,2,"El sistema eléctrico debe ser seguro.","<p>Se espera un sistema eléctrico sin fallos.</p>","<p>Un sistema eléctrico en buen estado es esencial para garantizar la seguridad de los habitantes.</p>","<p>Reduce riesgos de accidentes eléctricos.</p>","Revisar instalaciones eléctricas."
"Version 1",SK6,206,3,"Que no existan filtraciones de agua.","<p>El inmueble no debe tener filtraciones.</p>","<p>Las filtraciones pueden dañar la estructura y otros elementos de la propiedad, reduciendo su valor.</p>","<p>Mantiene el inmueble en buen estado y evita reparaciones costosas.</p>","Inspeccionar tras lluvias."
"Version 1",SK7,207,1,"Que las ventanas tengan buen aislamiento.","<p>Las ventanas deben aislar correctamente.</p>","<p>El buen aislamiento mejora la eficiencia energética y el confort en el inmueble.</p>","<p>Reduce costos en calefacción y aire acondicionado.</p>","Verificar sellos y aislamientos."
"Version 1",SK8,208,2,"Que la propiedad tenga buena conexión a Internet.","<p>Se espera una buena conectividad en el inmueble.</p>","<p>La conexión a Internet es esencial para muchas actividades, y su calidad puede influir en el valor del inmueble.</p>","<p>Facilita el trabajo y ocio de los habitantes.</p>","Contratar un buen proveedor."
"Version 1",SK9,209,3,"Que no haya restricciones de construcción.","<p>El inmueble debe estar libre de restricciones.</p>","<p>Las restricciones limitan las posibles modificaciones o mejoras en la propiedad.</p>","<p>Da libertad a los propietarios para adaptar el inmueble a sus necesidades.</p>","Consultar normativas locales."
"Version 1",SK10,210,1,"Que la ubicación sea segura.","<p>La propiedad debe estar en una zona sin problemas de seguridad.</p>","<p>La seguridad de la ubicación puede influir significativamente en el valor del inmueble.</p>","<p>Ofrece tranquilidad a los habitantes y mantiene el valor de reventa.</p>","Consultar estadísticas locales."
